{
  "mean": [
    364.8183475783476,
    18.731170940170937,
    18.045739926739927,
    32.46706064306065
  ],
  "scale": [
    195.10942324160328,
    14.733750341423754,
    14.464430708757765,
    26.507480608141627
  ]
}